Track Name,Artist,Track ID
A Good Song Never Dies,Saint Motel,2BXSzLcipRr7DHNQW42NbG
DON'T WASTE MY TIME,LeGrand,6AD2fUHwbmJfjRWlPEl2Yb
All Eyes on Me,OR3O,0gg5h5BgdjVlXTti79TUao
Arrow,Polite Fiction,2v5J6VEWxP2s9VESGR7HaK
Carry on (We'll Be Here When You Get Back),Polite Fiction,0FYuGwqvfGxdsJ52hlehIL
Suzerainty,Polite Fiction,5Vwvk3cnOXMFiOgblVqdVA
A Little Less Conversation - JXL Radio Edit Remix,Elvis Presley,3j4viUIDSuB4xfYYlp3Lpa
Trouble,Elvis Presley,7JO9xpBP2uwgMMINJkc43y
City of Angels,Em Beihold,5amAJIEdIVtWYEi4wGp7Fn
A Life Less Ordinary (Need a Little Help),Motion City Soundtrack,1nZx8yKG0VhuZm0N67eth8
Disappear,Motion City Soundtrack,0V33glu7euozGGQMAobin4
Attractive Today,Motion City Soundtrack,5aqlJreIpMnlJk6EQVDdlH
Feel Like Rain,Motion City Soundtrack,3vPSGhUsgl8TG8w313eeiy
When You're Around,Motion City Soundtrack,7m6UCpVtgKo01gbzmzHofx
L.G. FUAD,Motion City Soundtrack,2gxfUzq0kLUwdHIo87aHIC
Hangman,Motion City Soundtrack,3zp77tJUUnzapFFrMkBiyW
Time Turned Fragile,Motion City Soundtrack,3XxHgc1rsitKKwkBtT4xIG
Better Open the Door,Motion City Soundtrack,6MxsvhhdxBhJxooO66zlO6
Goodnight Goodnight,Hot Hot Heat,40BgOdfYhsRf6yVepRFCzu
Lady Jesus,UPSAHL,4HkJ9MoO7sQHQ6hCxJN01w
Little Girl Gone,CHINCHILLA,5OLcsBO28uWHMzS0EEeZNp
When You Were Young,The Killers,70wYA8oYHoMzhRRkARoMhU
All These Things That I've Done,The Killers,5vollujufHY0jMZxx77VWr
Human,The Killers,1sTsuZTdANkiFd7T34H3nb
Somebody Told Me,The Killers,6PwjJ58I4t7Mae9xfZ9l9v
Mr. Brightside,The Killers,003vvx7Niy0yvhvHt4a68B
Mardy Bum,Arctic Monkeys,3geFzA6VBSNZUTmV3bCry6
I Bet You Look Good On The Dancefloor,Arctic Monkeys,29EkMZmUNz1WsuzaMtVo1i
Old Yellow Bricks,Arctic Monkeys,3BcQFPRZuuUClWStz29WjN
"If You Were There, Beware",Arctic Monkeys,0ZUXj43fteJjwvGoLMntte
This House Is a Circus,Arctic Monkeys,7gPd55hW5pVjTm3H9S1Wbv
Teddy Picker,Arctic Monkeys,4OkPamOn5GofkOQu64Z4eR
Balaclava,Arctic Monkeys,11DdPGqDsM3ux1gVAqUIln
D Is for Dangerous,Arctic Monkeys,45QyGXbqTWaFUrIKe2ugs3
Brianstorm,Arctic Monkeys,5rTIpPWeO0IL4HWlGWrz5G
When The Sun Goes Down,Arctic Monkeys,0ZRrJTPXDToRJ2iLo9oLrW
Fluorescent Adolescent,Arctic Monkeys,7e8utCy2JlSB8dRHKi49xM
Tears Over Beers,Modern Baseball,7hPLPHeKbwJrsuDHv4BCTA
Paranoia on Main Street,Demi the Daredevil,4lgRskrNiFAEvNl46raykq
Budapest,George Ezra,2ixsaeFioXJmMgkkbd4uj1
Valedictorian,Survival Kit,0Yf0LmhCA1EVaI6sc7Fubt
Stranger Things,Survival Kit,3LAN1Boblnlwg8IBI5UNle
Sideshow,Nick Lutsko,4hFMy4uUSJ4hFfYpAVd1OI
Notorious,UPSAHL,1yRFec062xYBYW4EsDVxMe
Time of my Life,UPSAHL,0Ojo5hkLDhqhoWq6kVEwDK
I've Seen Footage,Death Grips,7nCONy10IHp7XD3oYZ0lcx
Animal,Neon Trees,1fBl642IhJOE5U319Gy2Go
Using,Sorority Noise,5zXvIVOjU48L8TDnrnuvmg
No Complaints No Conversation,Watsky,3YpMMu0YPXcxUDdiUTxjYE
Welcome To The Family,Watsky,5RLfHNaPMYfdovGoTjqNpe
JAY-Z,Bohdi,00TUJp5sr3Af5dFAyLMzhd
Three Piece Suit and Sneakers,Mr.B The Gentleman Rhymer,5QH0D7IqWY9H2zPsijDglh
Drugs,UPSAHL,06ioYJ99HHjzRk8HrGfkKS
Toast,UPSAHL,7vo7zm5gpnGIqNMAjoG8XV
IDFWFEELINGS,UPSAHL,3OwwSM0Jua3YzzwLKe4Mwk
Vegas (From the Original Motion Picture Soundtrack ELVIS),Doja Cat,0hquQWY3xvYqN4qtiquniF
Howl,The Family Crest,5SuRudOviff3UMJYqCiNlx
Monica Lewinsky,UPSAHL,5pz38Kxq8O8fnCY7PAWkoQ
Lunatic,UPSAHL,3JRoUjaIQB7Ge6ceiGnmc2
Thriving,UPSAHL,05iLS2VOLss6mnHYDV0Lfd
Insane,Black Gryph0n,5flerg6aEao2VayZezVlgu
Drugs (feat. blackbear),UPSAHL,7yNtWh3dOprKjZd3HF2kFJ
Flowers,The Faim,7ucHXmOqOCw0tohI4vmOZT
ERA,The Faim,0gygRGajWDhrjMn2qtVHKw
Never Going Back,The Score,5k02Wjsu2MdpF3c9VFQD0k
All Time Low,Jon Bellion,0SuLAslEMFZAXf0SwY7syi
Soul Wars,AWOLNATION,1VzvqwoNutPeNRxdcNF234
Burn It Down,AWOLNATION,6i437GRbgBszGDZk3meYBB
Jump on My Shoulders,AWOLNATION,0TP5vrRF0rpUcbdI2dmO5v
"You're Not Special, Babe",Orla Gartland,0GaVSVifeBSwnNTNordPGC
About Damn Time,Lizzo,6HMtHNpW6YPi1hrw9tgF8P
Happy Endings (feat. iann dior and UPSAHL),Mike Shinoda,1nPd60em5Qwp0NPykFz5Xj
Goodbye,Bo Burnham,2ySaltE2swk0QsimILPK05
Bezos II,Bo Burnham,2lP7CnBYhKaOIBGxHqARRR
Welcome to The Internet,Bo Burnham,3s44Qv8x974tm0ueLexMWN
Shit,Bo Burnham,3FFYH9A5rLqohxQhNW4Qka
30,Bo Burnham,7q2vosjX9aP8XxKFs7nakK
Problematic,Bo Burnham,54raQ1qeuAqfsQ3A5k7L8A
Look Who’s Inside Again,Bo Burnham,0lZZ8pibk6Zu3M9hTthk1a
Bezos I,Bo Burnham,5aszL9hl6SBzFNsOvw8u8w
White Woman’s Instagram,Bo Burnham,20bNmfHntXFvYInCEQZYfp
How the World Works,Bo Burnham,1zsbPstcJxnY0zuKFFOKKZ
Comedy,Bo Burnham,50MhgV5PrQmCSuEELaYp9R
Content,Bo Burnham,4GDL4Rl9ov0OctWIm6ZkoR
Work Bitch,Britney Spears,3KliPMvk1EvFZu9cvkj8p1
Hayloft II,Mother Mother,2jlYEGjc0QcXcwhvVEq2RL
Hayloft II (Burning Barn Acoustic),Mother Mother,4zZEz9KnSlTjMqjUayzekA
Hayloft (Burning Barn Acoustic),Mother Mother,0j0oS0deKnO5GZG8FrmRLW
2012 - 2020 Remastered Version,Will Wood and the Tapeworms,0Mqesd3aADZ9ptEW8bbf4P
Mr. Capgras Encounters a Secondhand Vanity: Tulpamancer's Prosopagnosia / Pareidolia (As Direct Result of Trauma to the Fusiform Gyrus) - 2020 Remastered Version,Will Wood and the Tapeworms,2BecBmHQWeTVjZPClGi4o0
Icee Pop,Nic D,1zKOagmkCtXuGmCivG8HZE
Think About Things,Daði Freyr,2iRniYXjMHKmwXqA2jYXP7
House of Wolves,My Chemical Romance,7j2Bmzpnf6RwEWEQ2sv8Ho
"Soldier, Poet, King",The Oh Hellos,3xtiXNDbSKxy20I7D6vFUg
Lost It To Trying,Son Lux,4kP7BPJ1d3WUGhykQBVEjH
Shotgun,George Ezra,4ofwffwvvnbSkrMSCKQDaC
Won't Sleep,Tones And I,6eOP4Tu24yDS2zsxJOGFus
Westside Lobby,Tones And I,20Kdm8OXGXXqv4XEgYx2Xg
Pink Panther,Scene Queen,32ljWqOxw3ckyuaUc882F6
People I Don't Like,UPSAHL,5srKMwXoeyrRnyTnNbpgIW
ゆーれいずみー,Reol,0NsnScldVs3A8psn3uCLZr
HIP,MAMAMOO,24nK8tW7Pt3Inh2utttuoG
Natural Anthem,The Postal Service,05yc0DNk7uCj72hqIkQp2t
Brand New Colony,The Postal Service,41DoIsysoay2pUEPMDpEJB
This Place Is A Prison,The Postal Service,0kF2kApYQILameLQShXcvb
We Will Become Silhouettes,The Postal Service,2Lum7cLDAZGbDVLXHyisEa
Clark Gable,The Postal Service,4H6Xtdvg1uQOzcu5KpE6J3
Nothing Better,The Postal Service,5TS9LZZ3nf3W0EPZKZiYFX
Recycled Air,The Postal Service,0QxkqjjcPUNC1ZQoIKdwfX
Such Great Heights,The Postal Service,75z2YLg5Lkqf6qL9XOY8tV
The District Sleeps Alone Tonight,The Postal Service,2Qyd6O0zzGrA8Ml2IClSW9
The Kids Are Coming,Tones And I,2lpq6DxKJaDl7MFPV7asFv
Bars (RIP T),Tones And I,33HBnxd5zITTvtoZfx5sW1
Johnny Run Away,Tones And I,1KsKIKaXKx3BuKlJgUwT7Q
Projector,Set It Off,3gMptGImK6XHJhFuWwmqtE
THATS WHAT I WANT,Lil Nas X,0e8nrvls4Qqv5Rfa2UhqmO
Body Talks (feat. Kesha),The Struts,71hhuJLNpxBQLSbbQ6ZWr4
Still Dancing,Rêve,5dz5wG17HqqvUtDyvRymye
CTRL + ALT + DEL,Rêve,7ElC7VjUNl3oJ20Q5OpEh9
Pray,Flobots,2RUVPY9prUeB482wd6UfOE
Get Out,CHVRCHES,7aFfriQJAyHK6eC09YMQBK
The Mother We Share,CHVRCHES,2pE0CMK1fE3mfU0eEOHhKw
We Are Your Friends - Justice Vs Simian,Justice,49ErwcBYfYRPNBdRuPvpYA
D.A.N.C.E,Justice,33yAEqzKXexYM3WlOYtTfQ
Valentine,The Wombats,1q0aANKCsdxf36sO8eYTmd
Chelsea Dagger,The Fratellis,3ItzRpwvKtkDSNdRSjXu7Z
Jump into the Fog,The Wombats,3l8dM1wjgFh98jpiq5ZCe7
Last Night I Dreamt...,The Wombats,4P0gTy93I6N2JSQUcWpafM
Techno Fan,The Wombats,6k1ycJl9AqynX5BBDR8ijn
1996,The Wombats,7AtCeRGJGoUHG6UDHr09Pi
Girls / Fast Cars,The Wombats,13PXZOxAMcdK4b3Ta2P84v
Walking Disasters,The Wombats,6UENVk0VeJcyC6LiSDMkGQ
Tokyo (Vampires & Wolves),The Wombats,136iZLQdKtlyEFurf4UKf6
Mary,The Happy Fits,4AXeaFIAKgRKQ12zkQrtWa
How I Survived Bobby Mackey's Personal Hell,Lincoln,4CM9SADUN91UE0yTS9NRxT
Banks,Lincoln,6FUiMG8E8wSz40s9ew08Yj
Smokey Eyes,Lincoln,6nStFBb5DgiShZMXdyxgeo
Play It By Fear,The Sonder Bombs,2EkgxW1wTXiXeiGgfFynfK
Swing On Sight,The Sonder Bombs,5efbcisrh3myVHFbjYHKjI
What Are Friends For?,The Sonder Bombs,4N9MJCQE1BUK2wGvTfRdL0
Shoot 2 Kill,The Sonder Bombs,0GKYEIrdXevWY5wr8NUA8X
U(ke) Ain't Enough,The Sonder Bombs,4u6EuGbHZR8DCj5nv88C4C
Blood in the River,Flobots,34DEB7sWod7GzdpPAzAiga
Whip$ and Chain$,Flobots,3NlPYjP5kYLbumTwlLWKkC
"Icarus - Live From Queens' College, Cambridge",Bastille,59hjwsL6idlahn9Cu2KLMq
Goosebumps,Bastille,4vaX8KIjBXs77lQJFU5BOu
survivin' - One Eyed Jack's Session,Bastille,5c6MRaztkgedoUSLK0nCbB
WHAT YOU GONNA DO???,Bastille,3wn4CmkuaVxIZ3KY76CHK5
Give Me The Future,Bastille,4dtOTui0UFBiaQbhihcoFi
Saint Bernard 2,Lincoln,0W2iJncFrUfRf9HOkGYryg
Downhill,Lincoln,2wuwWg84YnurbOE95nkTvm
Saint Bernard,Lincoln,3JPnVN4wYlmQnuD7OgDx88
The Plan (Fuck Jobs),The Front Bottoms,2UJ2JvrxU5Ue1y08o5TzqJ
Marijuana,Awkwafina,3Ln1U6W0D60vsepSYaj7LL
Nyc Bitche$,Awkwafina,4A46aXMtDAZN1Y0ob7WUxr
All These Things That I've Done,The Killers,0kYUrLVQOfx21xuXu7OGrT
All These Things That I've Done,Abandoning Sunday,5zqPsJzs2b2Fd3gOjbMdbU
I. Don't. Care.,Harley Poe,4IJbaERwjhPBZD5ZVFzUht
Gorehound,Harley Poe,4pbhZVYcPpKfksYzmLlvWf
Thelma + Louise,Bastille,4UxATpWvXewD5EZUW01EeQ
Dirty Imbecile,The Happy Fits,5erGUceK8ieHWtTXdnGP65
Death Valley,Fall Out Boy,3iJmiaoZWzykf3Hl4IeYtI
The Mighty Fall,Fall Out Boy,49nmsafpkJp2lDj9b4jkxh
My Songs Know What You Did In The Dark (Light Em Up),Fall Out Boy,7s0lDK7y3XLmI7tcsRAbW0
Centuries,Fall Out Boy,04aAxqtGp5pv12UXAg4pkq
To Take You Home,Frank Turner,5CmI5QCIMwLie2aeXuV8nL
Might Not Like Me,Brynn Elliott,6jjthaSazWJUHKzNkkEDkQ
Better Half,Frank Turner,1wlvPrjDTWSNCuxDvGAMbK
Vital Signs,Frank Turner,3jBDQTUCjrao5at6m7KP8b
Run (Run Run Run),Flobots,4FZh4eCn12tSZsf0iXQkRQ
The Effect,Flobots,2hHfmWntNwmlOkdyDyQ560
The Rhythm Method (Move!),Flobots,1IsYpAabTLx7eCL36BJtqH
Combat,Flobots,2oSG6Y7kUZXtc8oOUjskXq
Mercy Down,Shayfer James,5XfFmFFER8WH6izUTBHQWd
Villainous Thing,Shayfer James,6EIGwiu6sFLL64Fs67JVIj
Weight of the World,Shayfer James,3mBzmGcvEytNUsPHmpqtXZ
Stand Up,Flobots,6FoPczDXB9UyBTH9exaDCq
The Circle In The Square,Flobots,42y485jxDqfe5GIoy7svPH
Sons & Daughters,The Decemberists,721tATaNQPPGSuC3dYEI3h
Counting Down the Hours,Ted Leo and the Pharmacists,02ePLmR1A5hSSkIuD2S3Zq
No Children,The Mountain Goats,5cxnSTLzGD1t9xcdmJYFVB
Cameras,Matt and Kim,7vLeZPIeblZLz04hLRRAES
Your Ex-Lover Is Dead,Stars,5oSSFX46m6u3UFLoouLlTw
16 Military Wives,The Decemberists,0UBZE3FPRyNxsRndWr2d3r
"July, July!",The Decemberists,2x1XwfwRHWFFnfLmG83NTO
The Legionnaire's Lament,The Decemberists,3RAgRwRWFNXIp5lhx6zEUZ
The Mariner's Revenge Song,The Decemberists,5eltlS3CM4xGNkL6VhpTDm
Moscow,Autoheart,4ylE1Sl2wohbCvToD1fHsl
It's Bugsnax!,Kero Kero Bonito,1goNp8FZSjak6UHYsawniU
Trampoline,Kero Kero Bonito,3LuLUNgRmmgcr14dTIWH2S
Distance,AJJ,5TQ6MARpfdGi3lToty2TH6
Human,Daughter,3LCYo0urQaaxYVYXijjE3S
We Are,Daya,05Zf3nlgnysu4zZS5E7eDQ
Personal Space Invader,AJJ,2Ok2MUomO0kORdxCZNjrmF
Survival Song,AJJ,47hr9KDPHYmOCCd0aj3Q04
Melatonin,Birds of Bellwoods,78qZUli3UnRutxWPgnJIuu
Till I Die,A Love Like Pi,5pQDgXHURWaMrfxsmxUxiI
Toxic Thoughts,Faith Marie,5ZlShfBTtczvXB6ksyYOEE
Did You Miss Me (I'm a Veronica),The Veronicas,7GtQOp1TFgMB8WklJaT45u
Be Calm,fun.,0SHPEXmOSJL4Og3aJluoKd
Misfit,High Dive Heart,2WRNPWniqC7AgNHefvwW4n
We're Beautiful,ABSRDST,3V2PU0Bd7r8PjauFRDZlMv
In Case It Crashes,ABSRDST,5Bn0J3HI7KRsxHkjnypf21
Young Folks,Peter Bjorn and John,6M6UoxIPn4NOWW0x7JPRfv
Lonely Weather,Run River North,1GfuNQOJ1Cdln573k0TUuI
Lent,Autoheart,1TsrGEUQWMA7t542V7ppuP
Ruler of Everything,Tally Hall,3vFZheR74pxUkzxqhXTZ2X
Blood and Bones,The Blake Robinson Synthetic Orchestra,3zTgL5xA9C02l65VR0XqaN
An Unhealthy Obsession,The Blake Robinson Synthetic Orchestra,43FkY9svV70r8PmBL7ypUh
Hayloft,Mother Mother,2kS6td1yvmpNgZTt1q5pQq
Babel,Mumford & Sons,68rBZqgExeoh6QkYVsQg2W
Flaws,Bastille,67wABU4SjBlnDHB0KiU3HL
Someone New,Hozier,2DNXgvkyv35vTWvdgjs7qn
The Boxer,Jerry Douglas,04Dqz6T7vL4APHblHSdR4q
Hopeless Wanderer,Mumford & Sons,4mNzrkaEDjjrHqVMuD7xzX
Lover of the Light,Mumford & Sons,2solXbKcrcuJqrPGMn8Ski
"Who Are You, Really?",Mikky Ekko,2zXKqJFHefEgjlg3rYW7Rx
20 Dollar Nose Bleed,Fall Out Boy,3RHZzTT1RhYV6zicKUc4FM
Party For One,Carly Rae Jepsen,7KW3XQV5Or5CF57MYVj5h4
Making The Most Of The Night,Carly Rae Jepsen,7iOBDRFkpSSZ1SXiA07RlU
Mess Is Mine,Vance Joy,29jtZGdgpE2lWm2mkIt6HS
Earthbound,The Accidentals,6NfyR4V70w4aoZxGVoPp7c
Los Angeles,Olivia Olson,1Uxz95GYiQucrfTZnDK1Cq
Stonewallin',Jane Decker,4FJCtKyh62FUn1XoARF694
Predator & Prey,Griffin Puatu,739bkISZ5LPEltto63Zto4
SAD (Clap Your Hands),Young Rising Sons,22jEGuVPtvtMqKPuXdOVCh
Girl With One Eye,Florence + The Machine,5TPQ8OjeTBLztJEHhJ5RLe
Kiss With A Fist,Florence + The Machine,6rXh7I5h1KU27v2QfMYnhM
Love Ire & Song,Frank Turner,14GWBS84yTd5eAliOO7GAa
The Road,Frank Turner,5NcSYsSlOckGYP3H3CPOGJ
If Ever I Stray,Frank Turner,2JuEFSmd2uGKW9Un6MYtE6
Rosegold (feat. Shreya Preeti),Skyhaven,2Do4Z9v4EVduMUqeYyVX2Y
Pork Soda,Glass Animals,5C5gvDZsl6d8bh89URfKHr
"If You're Thinking of Leaving, You Should.",Social Repose,1WSsgYm4SHwO6oxLuw2DKc
Tongue & Stutter,I The Victor,6jNYQhBijOeX7rwddmIIig
Frostburg,Hello Apollo,6NYGyhiUhJpEQSRJ2yGJka
Sand Planet,Master Andross,466TrerqKAsRy0ueqxRfkX
Between My Teeth,Orla Gartland,7qoFhSKDXCgWeSiwOxOnS6
Our Boy Jack,The Mechanisms,03AeK87MTfUiqK5illFTDr
Karma,Grayson DeWolfe,66L5p6IQCZeTnJn21I90CW
No Death,Mirel Wagner,2ikgTZX2sQoTZDAJZpZ8OH
better days,eli.,0eTp9IteLwGVqGDLflXgOO
Telling Myself,Nicholas Podany,39zDECciiCz0WPblaHsE6A
Ringleader,The Madison Letter,3IVTLNd3aJe0d5xP1rJRyY
Switzerland,The Sonder Bombs,5wQyKEFR59TT3ryn3VDFhv
Monster,dodie,2MKIadkPrRqaivpyn6cnI0
We've Got Soul,Chapel,4d2ZjNalFYWBTmBGQSGf3I
Hummingbird,Run River North,6qtsapVQIeQWedKGnTv4Pk
Bad Citizen,Hey Geronimo,5aobHzcwDnh889XNLkXajw
Burn Him Down!,Kitsch Club,33XJCfa8yUvlFOid9wXJlz
Boys Will Be Boys,Benny,3uhvGiBZWL2sot0pH0qRsR
Hustle,Rocket Surgeons,5X1jZLs8oZt7zvZ2Gr9wul
East of Eden,Zella Day,2Wc2tcQl7cPetPKeXH3GD3
Most Girls,Hailee Steinfeld,10GJQkjRJcZhGTLagFOC62
Strangers,Halsey,11EDhDAVDtGPoSar6ootYA
You Need To Calm Down,Taylor Swift,6RRNNciQGZEXnqk8SQ9yv5
"Sit Still, Look Pretty",Daya,0EGuSSpuu9wmHCtvb4PdLO
Colors,Halsey,1TnUURhehaoMWKAqQtirm6
Bad Blood,Taylor Swift,273dCMFseLcVsoSWx59IoE
Blank Space,Taylor Swift,1p80LdxRV74UKvL8gnD7ky
Just Nice Colors,Bohdi,5eF77mf3uWNEiTpA5NwIlN
Head in the Clouds,Bohdi,2verJxcmsG61RdEtOc5eBF
"Congratulations, You Survived Your Suicide",Sycamore Smith,30j49jjGOeT4GuvRnHhjb6
Icarus,Emma Blackery,2GKZzdxGKCBpyfRfllZ4VG
Day in June,Kid Astray,5PkONbXO6inusHXumcX8Jv
"Build God, Then We'll Talk",Panic! At The Disco,4rstj4vgkFq49R2VV0fbxX
"There's a Good Reason These Tables Are Numbered Honey, You Just Haven't Thought of It Yet",Panic! At The Disco,4xSVkbqCz1xaevkjP8xXL5
I Constantly Thank God for Esteban,Panic! At The Disco,3obggbhnOjjnytaGM1hpDR
I Write Sins Not Tragedies,Panic! At The Disco,4bPQs0PHn4xbipzdPfn6du
But It's Better If You Do,Panic! At The Disco,2ZqTtndqAZDRAWw2vgZwQK
Lying Is the Most Fun a Girl Can Have Without Taking Her Clothes Off,Panic! At The Disco,5eB7w8UZJKjL5XmnC6Pctg
Camisado,Panic! At The Disco,2hgkutEHVmJRg7drAJAFHi
London Beckoned Songs About Money Written by Machines,Panic! At The Disco,0N90pptABhFyr1axONlIEB
"Nails for Breakfast, Tacks for Snacks",Panic! At The Disco,5VHwEHR0IfvV4f7V7o0qnt
The Only Difference Between Martyrdom and Suicide Is Press Coverage,Panic! At The Disco,4WdopfTdSd0nCLropjhsgH
Alligator Teeth,Mother Falcon,6TwBBt4SciKiV07s8kABEH
Anywhere the Wind Blows,The Boulevard,2Lg7TB75KOJWC5MIiUewB9
Girls Like You,Denny,0P0tr48hxnY9DbB4D444Ii
Would You Rather,Crusher-P,0jmVndoIt2h6d8ajH4thLv
No Lover,Jetty Bones,3RHxEG6JqPKNesUpEv3FUg
Dancing With The Devil,Set It Off,4t7M6wUfkNh5PXVgayPnZH
Coming Attractions,Nodaway,77K53irygR80KeKAdt3vfT
Follow Me Down,Isador,635VrnwxJNtnM84TXpk1wy
Pretty Girls Don't Cry,Anna Akana,4Epc3zLKEIUUjwwsq1jmze
Pick A Fight,Anna Akana,4zRhFh8cLThmT4RQ3xr4cM
Intervention,Anna Akana,3G4BU44NwKAjddak0krU5S
Our Perfect Disease,The Wombats,0dty9QJDG42pgF4hRz1lQM
School Uniforms,The Wombats,5oqabvM9YkUAPZRqkBKqAv
Patricia the Stripper,The Wombats,5oLsp5kTkbKOyBozBxyjQ7
Majesty (with Labrinth & feat. Eminem),Nicki Minaj,01s1HGlw9yqT0U242yffBb
Brave as a Noun,AJJ,6bfPo8Ge3VoD4dEGSDs0R9
Away,Trapdoor Social,3Wk0MHGXFj2CO6c8F70FGx
Anxiety,Fireworks,2YenmemMiFjx3UY9a9NHjS
Razorback,Rachel Mallin,1DRwesIrES8K9FHHmoX4Ju
What's a Devil to Do?,Harley Poe,5a6VD7BBBsKaJEK8ORwvcj
Ghost of Mariano's,Disco Inc.,0nZ3Ka7mbDNjA64CvjEzHd
Holliday,The Weekend Run Club,5TTftylgmtpc7qRg4Vn8No
Carnivore,Bear Attack!,2MuhEFdNLC5Ig3CqaQ2s5H
A Terrible Ride,Lizard Boy Original Cast,2U9OKWB2i9XEfYXXvC5OQ9
Bad Bad Things,AJJ,4s5DywrMqIlGxvKi4WrHwH
Home to Me,Devil and the Deep Blue Sea,2I2mDjNl9SAdbQtUFsmTE7
Rich Life,Eric Nally,3rM7s9Z8Nuz59U1uZLyfXv
Stranger Things,Survival Kit,29EpwvF4jk7gAp7cNGbzkl
On Ex-Husbands and Wives,Quiet Company,6MYIZO0yWnzq4yJkJawQ29
Everyone Is Gay,A Great Big World,1KIP5vXGQ58K0At66KZFU3
Haunted,Nekokat,47p4D60sMDGfMCKbyssb35
Next Up Forever,AJR,5tVmNtMvCCABF6u2IyLLjX
It Doesn't Have to Be Beautiful,Slow Club,48fzEB7xFqazOdgEWF5ZA6
I Was Unconscious It Was a Dream,Slow Club,4QCjGDnIwDX2IB2euYN5Ek
Giving up on Love,Slow Club,6PXJoG822IGVbVytW7FciO
Your English Is Good,Tokyo Police Club,4wm2zEnkngeIGougv6vCNx
There Are Listed Buildings,Los Campesinos!,4zxbZf3Se3CmrvkIg3Ff5r
"We Throw Parties, You Throw Knives - Remastered",Los Campesinos!,1CxSSL2YSgyh3cRoSfg6dS
Broken Heartbeats Sound Like Breakbeats - Remastered,Los Campesinos!,3z0RCnyJGWMel6njqeafAJ
"A Heat Rash In The Shape Of The Show Me State; Or, Letters From Me To Charlotte",Los Campesinos!,0oWqGQFHo8ULeJzEhwhFs4
Normalization Blues,AJJ,73UkvR1L7OGsslFutaBvjp
Twin Size Mattress,The Front Bottoms,0Kd1R41kTx9Uzk30yv5PP7
High On Humans,Oh Wonder,2XELtFPg5H2Xmg6eas6dII
It Will Come Back,Hozier,13CyXxYgWD9N5KwWqRYU1U
The Sea Is A Good Place To Think Of The Future,Los Campesinos!,7weuYg0z1hZkbN71cAC9fh
You! Me! Dancing! - Remastered,Los Campesinos!,0BiYKvf5gJ9bGNJnngyDkU
Self Esteem,AJJ,3t4OeuZLxYUKjWgCaZMFDP
People II 2: Still Peoplin',AJJ,5AAoW30tLLLj1EziA439l4
Stupid Deep - Acoustic,Jon Bellion,23LIOXAz6QSzgPYH4dmZL7
"Soldier, Poet, King",The Oh Hellos,26ky3sBMKv31Kpvil5pGDh
If I Killed Someone For You,Alec Benjamin,0WHi11uzahqpEtPGYCW6oQ
This Bird Has Flown,The Ghost Club,5Zh20X5bPR8DYxAXjK25D9
Hey! We OK,Never Shout Never,5CizcbgQSx02pbaEw4X5hi
"Holland, 1945",Neutral Milk Hotel,4iwMhMvcTqukn1n3NVjb2N
Psycho,Lauren Aquilina,2s6WBLTRWT3pGuINZMTUrP
Like Lovers Do,Hey Violet,1xToKQU0oWjpHE1GJiozHv
War!,Zach Callison,1ucGAtXZNRxuc1feYXjbYe
Terrible Things,Brick + Mortar,7Dgt0TvvmEnKMRBoU8GF3C
Overgrown,machineheart,1tNsOWojupqQMeXuppuuS8
Jinny Bingham's Ghost,Frank Turner,5kA2wJiU7k0hjSGkTBikHm
Bad Guy,Clay K Slider,4I1ypegnI8R0HlsAF5rZYn
Jimmy Iovine (feat. Ab-Soul),Macklemore & Ryan Lewis,7q6jrSUpdukGfRueBs0vNV
A Wake (feat. Evan Roman),Macklemore & Ryan Lewis,3QvZoPL2TvkoJJk8hq1e3V
Wing$,Macklemore & Ryan Lewis,56LYsQITV7nEggGBVuu846
Ten Thousand Hours,Macklemore & Ryan Lewis,4kb6pH28RIiSSVd2kfS1S0
I Still Believe,Frank Turner,0FxlFTnN8Jd34lpLzXh5ji
Money Money,Transviolet,3xu1e4RELrJC8Zn0C0G9Ie
Rather Die,Barns Courtney,4djnw5Fd9KSs718VXHXfmL
Death Stranding,CHVRCHES,1PxhfWamtXhK8rG4JSnEWJ
Blood In The Cut,K.Flay,4q604hQba5940BbOoaenmz
Dog Days Are Over,Florence + The Machine,6dux5viG3Ku3IefPx3gFNT
Dance Monkey,Tones And I,2XU0oxnq2qxCpomAAuJY8K
YOUTH,Troye Sivan,1cOyWWUr3oXJIxY0AjJEx9
Blood // Water,grandson,7clyJIrLkEbXUDwj1tC9zz
Spicy Boyfriend,Shawn Wasabi,1sBrdUZ2abs5n0iSNYPppm
Lines That Burn,Tilian,7jvMuOdXdqsxiEVeuRNADS
Awkward Raisin,Echo Gillette,7LAHFWFIjOp6jOr57ym1PP
Thinking of You,Transit22,03XxTZLxha5Rqt3ru4hTsD
Killer,The Ready Set,2LYAG9jlH9rul11nalRxR0
She Likes Girls,Metro Station,2OsKN9Oy9Lt1xfxgH97Vaj
Night Life,Hello Atlantic,3utTDg7orDyyW8nqayCdYE
Boys,Lizzo,1ITsmuChPVC05ogvorAyVu
bad guy,new.wav,5IGPVZnHthItuYm9hPAclA
One Way or Another,The Faim,3ZhksW9KmCZR9j43HDcAoZ
Apotheosis,Kai Straw,4mjGcZSniZVlabvMMVvCvN
Evelyn,Kim Tillman,7IxAZG49yA14FHkFADeseO
Favorite Liar,The Wrecks,1scwknKtBQpreYy6MSoJqJ
FAKE!FAKE!FAKE!,FAKE TYPE.,0G2Mewlxqzz4Ua3OBRyOZe
Nightmare Parade,FAKE TYPE.,07tFEV8OxbLTb4lquR3xUo
Beep Beep I'm a Sheep,The Living Tombstone,1WltJQYQ61mdANZsQseCHn
La Lune (feat. Dan Smith),Madeon,08jqXDDanByompA7oBDlkw
Shelltoes or Brogues,Mr.B The Gentleman Rhymer,6z9kuKeL94mHUYcDncbxGx
Pomegranate Seeds,Julian Moon,7j6WffpdiUX1S9WUu7tXyo
Spinifex Gum,Spinifex Gum,4jsLDkv6lHW4v0mu6APoua
The Hound and the Fox,I The Mighty,691n7jfrp9qU7HjOELnyAT
Silent Key,Frank Turner,63F50GugLtvDXHgqdnC3FR
Love Forty Down,Frank Turner,4GnyPxQo3PxrR73EQVbCXv
Mittens,Frank Turner,5792p26BS6JCZdXopGU1ai
Get Better,Frank Turner,1rCNsLUp4FIiTWkpEqKILF
One Foot Before The Other,Frank Turner,2jyug88jTHoIM7p91cMMZX
I Am Disappeared,Frank Turner,5osREcZR3EsHzcmKbjN5zb
The Way I Tend To Be,Frank Turner,5A0voj1mOH739w0vXHnE7i
Plain Sailing Weather,Frank Turner,4Rpz1cMDsEgHbQc9A5o0VC
Losing Days,Frank Turner,45W1SzLqm3wyn3rF2xz8a3
Recovery,Frank Turner,7edGUOJ1JzA9pmCYP4uchP
If Ever I Stray,Frank Turner,25vLed5vZboJyWZE0xECKa
Daughter,Ryan Cassata,6GbYypkPUOxX9FdLsIvtCv
Harness,I The Victor,7FzEjGSidH3X1BQzGmz5g0
Nearer My God - Japanese,Foxing,4AhXqVjsoh8w0IZmfDjeZy
Teenager In Love,Neon Trees,4CM00vRilanLnW0FZNVUdQ
"No Guts, No Glory",Cassio Monroe,46dN8VFaMMmZRG4yarIT3X
Undo,Transviolet,37M3OdQDrqzHSYwgMC7Jgi
The Hamptons,Transviolet,7G6vEhuSJqAht3Q22WUe2u
My Heart Needs to Breathe,The Faim,7csThiyVtCryFxVUP2paey
Monster,Magic Bronson,7FSqGltIongF1SGwvVXlzm
Light Tunnels (feat. Mike Slap),Macklemore & Ryan Lewis,6liGqN48zCba8OPKVu9oDn
Bara Tiddy,Kuraiinu,4U1CqBWnSGIQcfgbJ1dH1P
Peach Scone,Hobo Johnson,4Pj5nvdDibE3sgflD87J2i
bad guy,Billie Eilish,2Fxmhks0bxGSBdJ92vM42m
OctaHate,Ryn Weaver,7JVfDagtyWy9bYsaf37H9K
DDU-DU DDU-DU,BLACKPINK,2aI2k39nfa3KFsa4JclQzw
What We Could Have Been,Vesperteen,38G3fbQxz0rvHC15o6XoJQ
Hugs Not Drugs (Or Both),Brendan Maclean,2A677sHjFBgND0sVEE2rrk
Make Me Cry,Steffan Argus,6l7BdU6oZPXFBDqJCPArxO
Lost,fin,2Ws4VPSsQyZJ1zTxAkV64M
Everybody Loves Me,OneRepublic,2e42fb37LVhtCOescNb1yN
Here With Me,Marshmello,5icOoE6VgqFKohjWWNp0Ac
More Than Friends,meesh,3DbDpMsUir3vu2aJOi68cJ
Poppies,KNGDAVD,4uQCrpTjuZzPIQ092zaPxf
Words of the Wise,Truslow,22EDx3eNzH4U7DMNDli1eC
Ship in a Bottle,fin,7EioHGLoCcjuIgQwKh8O8H
Shatter in the Night,Vesperteen,7ssEICwQTzQKO1asSLiPYt
Mean Ass Drunk,Watsky,3VQjBip1eOAWwcluEvDwsw
Welcome To The Family,Watsky,4ICV8cfYzmaLHnUx02QxL7
BOOMBAYAH,BLACKPINK,3yHQKddM8SVCRnuPSo3HPN
Eve,KNGDAVD,1fXdz2fiaVe6Utki3Bc3Fc
saturn suv,fredo disco,3EOdzmkePMPoC99wVzYsJS
Found Out,Derrival,4yoYgKkUXJkPs8PbLigeNq
Promises,Ryn Weaver,1rQVylbMy4s9NLcHPeOL9c
The Fool,Ryn Weaver,5VF6OStYFWd5QTpxTvDXCU
Pierre,Ryn Weaver,31c1V9xUONZYk78NE4Id8D
First Vision,Tyler Glenn,6zxkluxWVcSp1aMKjIFJeg
Shameless,Tyler Glenn,1jewtLtBgltHVvHcwuPFUO
Natural,Imagine Dragons,4zIO3ilp5HvTeK3HJHxhMP
Devil,Tyler Glenn,4wEZUvUuCDlhAMwLBdRW3p
Branded,NateWantsToBattle,6FgoXztd4u1QXyKzNaeGd4
Ares,Winters Island,2HjHU2MEbC3SmGKhsrsy3M
When I Die,Pepper Coyote,7FtoIzR0qkMHlbF6I7dF37
Horns,Bryce Fox,5oyCruHORvRI8UEh9xVyam
Future Memories (feat. Crywolf),The Bloody Beetroots,7s9748usLW6e0I3CepU3Cl
Stuntman (feat. Priska),DANakaDAN,4UIwLstSdrsxY8YvWDId8v
I Wanna Get Better,Bleachers,1BwhFXqoIsePt21WyWIttb
Dirty Souls,Five Knives,0FsoanFOuKd8PAjoij40Ln
I Go Crazy,Orla Gartland,2Rj9HWaNkUsxdjM2khuqNd
Fade to Black,8 Graves,0Ca65TPYhI7tH9FP9Lzvb6
Wolves,8 Graves,5BvbMdZchWADFvk83nkFjG
Wasted,8 Graves,6I9LbXLWQ1uZOkWwMODPNl
Love Me Like I'm Sick,His Dream of Lions,1Jnqv9ulJbgHau9qH6AJg9
Nightmares & Flare Guns,Seb Adams,3U4yvM4CL4xjIVSwxPIlEb
Original Things,Dustin Hatzenbuhler,6aU1vBbMyyPbIyJcZL7tng
$$$,(G)I-DLE,68yUIRmUq0cZN19DnbgKSX
POP/STARS,K/DA,5sbooPcNgIE22DwO0VNGUJ
Weapon (Bastille Vs. Angel Haze Vs. F*U*G*Z Vs. Braque),Bastille,7k6A0cQ8XrBbKImIq0JBwM
Boom Clap,Charli XCX,0Y1MWB026LYxGvhq4EcMiC
Vintage,High Dive Heart,6OZN0x5aVfM4MBGD3lJStU
Business as Usual,John Chuck & the Class,0XArODhmxQ85l3UiHsGUdp
Remember That Night,GROUPLOVE,70QCJwpiTcvN8t7scWHjZh
Bad Habits,The Federal Empire,3IMBsqHL48Eu4K3uvhRIok
Graves,The Color and Sound,5zXrH9sl9GZNtWMC5y1sFa
The Night Is Still Young,Nicki Minaj,6cIV1mZX0yyDozyZtyGJru
Icarus,Bastille,1xasoowGI2N5c4gykxKTlW
Pompeii,Bastille,3gbBpTdY8lnQwqxNCcf795
Quarter Past Midnight,Bastille,1etiUDkISHELzQGMY79ryt
Happier,Marshmello,2dpaYNEQHiRxtZbfNsse99
Spent My Life,Kindred,2HrsT9eflRVvdu3ZrorjQ6
MakeDamnSure [Causality Sessions],ANSON,6EObIEJZlfLKYfvho0YSa9
Pop 101,Marianas Trench,6Zmlv6KfW9RmuJqt3IW2T0
Otter Pop,Shawn Wasabi,3hGB6zmV7vI5jPAJxTW6Br
Sunrise,High Dive Heart,6N8iM0GRtGR1rIgUbcMXPp
Headphones,Hedley,7JO3WjcdBGL4hUM0cYweTJ
The Bidding,Tally Hall,0HBrtXJohbIW4IhPZ50GmH
Speakeasy,Alex Ernst,20v0rjMBoVm6l5L6T8eezH
O.K. Fine,Clover the Girl,6YaFdseuvkOxqYr1urhKw8
Saints of the Sinners,The Faim,0vI4E9advbgPGvRt7RImvK
The Boy In The Bubble,Alec Benjamin,1buYMDRKWawlr7T7SnsJdu
Burn the House Down,AJR,0j7pdNXDzEVQST5Zcoh5xo
Come Hang Out,AJR,7cccUTy4GW6hL3kEifwVfb
Drama,AJR,6FLUdxZ0yfCWRCmcb8kgXG
Fireworks,Watsky,5qLajhY1lHHfn456V5qpu0
Moral Of The Story,Watsky,0ti8dDh4DyrPDUOaeNbcs5
Whoa Whoa Whoa,Watsky,3UYhSPI2lVFfbnC6usruPj
Whatever Happened To The DJ,Bliss n Eso,7Jn1SDWWycs8vW3J1BevJx
Fred Astaire 1,The Upside Downs,6d4TVaLuirhJw2HACGctIE
Pop Punk Emo Mashup,Dave Days,5FXnDA6axG0O6CWcj2NxlZ
Six Feet,Patent Pending,0LvkE0gOLzfUTO7MoFNssM
Pumpkin Party in Sea Hitler's Water Apocalypse,Cement City,7b62RZMpnI8Ct3Hc9SH6WX
Not Alone,Matt and Kim,3EF2VstbPbRUDWpGmzWP7F
Are You Out?,888,66i2YZs9m28TU7G3B7Kn8s
Drama,AJR,5xqYosUgntU0KlUIGCIaBY
I Don't Feel Like Dancin',Scissor Sisters,13pyGLYmBjYgvOMIEivX2K
Lost in the Jungle,Kid Politics,3CboUYakwyQjVK03wJyq75
Spooky Boy,Danny Gonzalez,3BBRmewwDDsga7ugydLHbf
Girl Who Cried Wolf,Ashe,1MeM5jYoe6elPPt2CgmmK7
Puppies,Blake Rules,5E68Eakjh74fk59dOhv8VX
CALL ME BABY,EXO,4jdiqVbH1eUwc4MzDV7GMu
HOLD ME TIGHT OR DON’T,Fall Out Boy,0Q9vbV7G2Q6lts13nY9YGP
Sunshine Riptide,Fall Out Boy,0ZqqrBHeSeyZahfcyw9N8O
Bishops Knife Trick,Fall Out Boy,5lKI9qLSJkWWJ6USwMu6jF
High Hopes,Panic! At The Disco,1rqqCSm0Qe4I9rUvWncaom
"Hey Look Ma, I Made It",Panic! At The Disco,22oEJW6r2rMb9z4IntfyEa
(Fuck A) Silver Lining,Panic! At The Disco,3BDxv4ORzOpXAsa4lWVl4i
The Overpass,Panic! At The Disco,4hUR3thIs01mQUtVmZFJ8F
King of the Clouds,Panic! At The Disco,50Hv5NZIM0puIUoBttjpfb
One of the Drunks,Panic! At The Disco,5trCWbYtza0QUxdmF9HAPX
Dancing's Not a Crime,Panic! At The Disco,6PFoEnjp0PAe5siGswjH9i
Roaring 20s,Panic! At The Disco,0wdV94AXGRphrbkDWLNzVC
Old Fashioned,Panic! At The Disco,18ULKfQl3KpCnklAKFfO2t
Say Amen (Saturday Night),Panic! At The Disco,76vMKwFtdDDCLcM6zXybjB
GOOD BOY,GD X TAEYANG,3F1mueW8iouZUgjmawhVhe
Deep Down Low,Valentino Khan,6UlvONcL4jXM0pC0CPA48S
Pompeii,Bastille,0sooJd5WbNnnz5k6yO7FIQ
First Time - Gryffin Remix,Kygo,6LIe9o2p1xfj72rx4NDY8k
Revolution,The Score,7Fv8Qp3tTSbSS2VjryUF7L
Silver Tiles,Matt and Kim,3IKIVwuhutAxJi7g8a1JYr
Basket Case - From ‘The Tick’ TV Series,Bastille,3cfhXgklWpx5fCSYZOp9Wb
Tightrope,Michelle Williams,0GVuLQtPXFaL18ijEOqoAa
This Is Me,Keala Settle,45aBsnKRWUzhwbcqOJLwfe
The Other Side,Hugh Jackman,2cKovq3l6OJjhVVDbVKOsr
Come Alive,Hugh Jackman,5xNUR50KxswPRAvx7S163g
The Greatest Show,Hugh Jackman,4ylWMuGbMXNDgDd8lErEle
Champion,Fall Out Boy,1DRUwJSt2YOUUEz965OJ66
Stay Frosty Royal Milk Tea,Fall Out Boy,0hfByzDRgR10HDLqm89lA9
The Phoenix,Fall Out Boy,53AuxddsgPSlqM619nJhSd
Young And Menace,Fall Out Boy,2wQA22CbUkSD38g5Doqd9a
Wilson (Expensive Mistakes),Fall Out Boy,2W6kVW3UZ3hwr4qbfCDp6B
The Last Of The Real Ones,Fall Out Boy,1f6xYh2HSx8ttCjl4Pckep
Alphabet Insanity,Mac Lethal,2AGw02FLregDr4QQ2LbzIq
Tear The Roof Off (feat. Watsky),Bliss n Eso,1HRfk33rb6Td8NqQsZ2wC8
Pretender,Run River North,0s4OhFKEPCbxz7Ooh38ZP1
Tattoos,Frank Turner,0G9EmySk5lRy7X3VyqGg72
Try This At Home,Frank Turner,6lgDndt95hRxXS5j8OaMyO
Four Simple Words,Frank Turner,54dCv5l7Rhme2j78D4hmXu
Immigrants (We Get The Job Done),K'NAAN,0bPREZOF43e3EIu0zdfLBp
Beetle,Run River North,3fA1qoN0JeNjAMc09VZvSf
Monsters Calling Home,Run River North,6dHkH0E2qffTPJj1lVfXqA
Bored To Death,blink-182,1edxZi8FZ1IKAotHRurs7w
29,Run River North,7AIe2twHZwBsYe76lJtUee
Dracula,Bea Miller,3i5MzrkgxANrO371rHlkh6
Sirens,Angels & Airwaves,58CMA5tAWWjc1Cs5nvWeqV
Lonely Together (feat. Rita Ora),Avicii,7DoN0sCGIT9IcLrtBDm4f0
Suit And Jacket,Judah & the Lion,2ZYBwkmtYhgUj1A7teYAZ7
Everything Is Alright,Motion City Soundtrack,3Ua2qZXPQkg1XyZfq2LRY7
Coffee Talk,Broadside,0wNhTMsDRLWAPxGOQRqkOR
Flamingo,Kero Kero Bonito,3AaiEsiqHO2ylnnOdWninE
Sick Beat,Kero Kero Bonito,5dtWh1QdjGp1xPGWAUpdvO
Counting Stars,OneRepublic,6sy3LkhNFjJWlaeSMNwQ62
Style,Taylor Swift,4lIxdJw6W3Fg4vUIYCB0S5
Look What You Made Me Do,Taylor Swift,2VjtYe7gpfUi2OkGxR2O2z
Learn To Let Go,Kesha,1g1TeDflB6atAy7HKwrzXu
I Will Never Let You Down,Rita Ora,2ia7iiEtpiOL2ZVuWxBZGB
Anything,Hedley,0VMMCRkm30Wo4pa3CfI6VD
Kanye,The Chainsmokers,5brMyscUnQg14hMriS91ks
We Are Stars (Featuring Alyssa Reid),Virginia To Vegas,45pQlGqXDJDhgR4GKPbd7r
Back To Life,Paradise Fears,7bF7xSQvrdcY9YPZcGWRoU
Ghost - Lost Kings Remix,Halsey,4ehErMHPM40f92dks3vb2p
Wild Things,Alessia Cara,2ZyuwVvV6Z3XJaXIFbspeE
Scars To Your Beautiful,Alessia Cara,0prNGof3XqfTvNDxHonvdK
YouTube Culture,Jon Cozart,3NQMS1OX6iTzIgTyZ9KFWI
Seventeen,Alessia Cara,5leOhwmC0JYwAPxo6zGUHP
Disloyal Order Of Water Buffaloes,Fall Out Boy,4qg2rXtE20scfPhGvG5tqq
Secret Crowds,Angels & Airwaves,0MhXc0ygpGgg9wFUkC9k6T
Power,Secret Weapons,7jNYjRkAqTzsVENkzLeA9n
BANG BANG BANG,BIGBANG,0BU2OFDU7NvV7zza77F2YN
Turn the Lights Off,Tally Hall,3xpdefOloYCBXd3UR6MVyM
Leather Jacket,Arkells,7iDPOnnIRfhsau33KevZ2r
Harlem,New Politics,573latfTMO7SpGtStVrQx5
Sleazy,Kesha,7GS7uK7mPdnIOqbgEwg9br
Someone New,Hozier,0efT4YKQLQx2YHbp6vgRX8
Take Me to Church,Hozier,0aOluBqXYd0rFSCsgDyAWX
Fucked Up,Young Rising Sons,5UpKFCQf34yJ3LtXtBuS5v
Hollow Moon (Bad Wolf),AWOLNATION,7cfr3F2jpzjwqL6ZhGfjtH
Blood In The Cut,K.Flay,3k3FEwVuaokMi13Ud4nnYm
Crystals,Of Monsters and Men,4nnHOJqInr9r8c7RxuiT9j
Hey Now,Matt and Kim,2l4jtaX2SozBzc5N1g07Bp
No Grass Today,AJR,2NY61wMHOZxm5O2voVplaf
Satisfied (feat. Miguel & Queen Latifah),Sia,3VyxvhpCUNVTvPO2B46lsa
The Lotto,Ingrid Michaelson,1otMErM5Sa5XrfIsVRKkbD
Come Hang Out,AJR,16t84m3s4wYf2yKVRnip6A
I Don’t Need Anybody Else,Keir,598hM1OZL8Hx7mi0x7Hrcq
Habits (Stay High),Tove Lo,6YL5zD4SggAZAQcdPv5r0C
Bored To Death,blink-182,44TuSOP6xIAEeJmZsN3nXO
Stick to Your Guns,Watsky,5qGNpxkebY7iqN6i46dDma
Chandelier,Sia,2s1sdSqGcKxpPr5lCl7jAV
Burn the Pages,Sia,3rQ0mHb3F9cMo86DLZphUE
Throw Shade,CRUISR,51AuuBuIgMh1TgSRHijqKs
Recess,Golden Coast,4AaX6BvUuqvJ2CGbrV0oKf
Your Body Is a Weapon,The Wombats,5VCOAW6rjaZvJrVB8x6Uau
Bad Dog,Neon Hitch,3Helvt6G0qDoXIpFWgCp6a
I'm Ready,AJR,2dgFqylK6gyILa4HY65u0y
On Top Of The World,Imagine Dragons,6Qj1WXW41Mn3Fh9V2sHphM
I Bet My Life,Imagine Dragons,1CQXNBt6zv15L8zDITcxRB
Fourth Of July,Fall Out Boy,1vrjcPplEuenckUzGGp2UR
Sloppy Seconds,Watsky,0Vwfd6fxFrL3kCnZSJ9vid
Genghis Khan,Miike Snow,6MDijuuArPJv1vbp7K1x3f
Sharks In The Swimming Pool,Clairity,2z2R1NMhaJm3iCuFIwSQpe
Middle Finger,Bohnes,0IK8y0vAO0sM630HsxwLht
HandClap,Fitz and The Tantrums,7j56HrjR9cGzvekvZY3Faz
Guns and Roses,Bohnes,5z3X25qhUkQYqeOyDQtibq
Lucy (Hurt People Hurt People),Olivver the Kid,7uhfJ11SoxlwREvTV80QA5
Jackrabbit,San Fermin,5nL35mZv6vuKpR7IyUsPnR
Up & Down,EXID,6BKOhvRPY54uvfqWwg7MKi
Bite Down (Bastille Vs. HAIM),Bastille,5FE8wW6YIKHFtSlbGLhYKB
Daniel In The Den,Bastille,0ZasZDrI3OlDnkR5b13kj2
Pumpin Blood,NONONO,7ti4qMC7xYQeh1uRzj5XuM
Best Day Of My Life,American Authors,5Hroj5K7vLpIG4FNCRIjbP
Ways to Go,GROUPLOVE,7Ik1qCkU5NIeBNFzoehjix
Dance Apocalyptic,Janelle Monáe,3dUMuxNadGxCE3qXuhCwqa
"Hey Mama (feat. Nicki Minaj, Bebe Rexha & Afrojack)",David Guetta,5b2bu6yyATC1zMXDGScJ2d
Why Worry,Set It Off,39ShyO1yBCiEoEXHX9ie0F
Wolf in Sheep's Clothing (feat. William Beckett),Set It Off,4WXFDVe299Po8ih6Np54n2
Tomorrow's Ours (As Featured In 'The Annual Marriott Commercial') [feat. Matthew Heath & Grady Griggs],Lights Follow,2xF52PNmcDDmbSpWt8RdcJ
You're Such A,Hailee Steinfeld,3QTDzwSkRW04FVPo6COm0H
Hell Nos And Headphones,Hailee Steinfeld,4ToeppjiHi7kGMAVUvosv0
쩔어 DOPE,BTS,0pGHou9D7JTMKbMfOLKy50
Running Behind,HOLYCHILD,7zAXWCDYpP70r2V1kmNvXW
Happy With Me,HOLYCHILD,0jfCLd98i0GJFCcR3yjU3j
Could Have Been Me,The Struts,3IyCL4Em1GOpNGDf451Hg1
White Walls (feat. ScHoolboy Q & Hollis),Macklemore & Ryan Lewis,6I3KeXBT0E9MoMqYz8srVq
Riptide,Vance Joy,3JvrhDOgAt6p7K8mDyZwRd
Luck,American Authors,4gHD93RNqEhEh2NkYzl3x6
Geronimo,Sheppard,19cL3SOKpwnwoKkII7U3Wh
Rock Bottom,Hailee Steinfeld,2qxaR31Te4xDR2yO6LqM8z
Irresistible,Fall Out Boy,3znPiywA0q1VK2jgAZFDoI
Hands To Myself,Selena Gomez,7EZzirq5pGLjPALWr4lFeY
Stitches,Shawn Mendes,3zkWCteF82vJwv0hRLba76
Youth,Daughter,1vyrrrnb7182SL6iOMor3O
Wasted,Tiësto,2CAK2t1reUgPK6OMgAMURB
Lungs,CHVRCHES,7tptFBIZxSHgTv9n6mgKlY
After Midnight,blink-182,27H8WsrkD5catdc3a2fCLV
Up All Night,blink-182,0sqQ9N6hY0ieocwrgxgJ9F
Alone Together,Fall Out Boy,5MsZIaCYY6Tsdph0LiB0hE
Mama,My Chemical Romance,0Zh3tKIphLOvQux4dA6PFZ
Young Volcanoes,Fall Out Boy,3nSiB5WCF2pmRQrYSsteHv
Uma Thurman,Fall Out Boy,5PUawWFG1oIS2NwEcyHaCr
Teenagers,My Chemical Romance,7j31rVgGX9Q2blT92VBEA0
San Francisco,The Mowgli's,2eQOMQkStoRUQyq6HGh1iG
Give Me a Try,The Wombats,0gohFCf3LlExQw41BfajZg
Pop It,Anamanaguchi,20zntDpKfuYa0FimcILTMf
Greek Tragedy,The Wombats,28C4nmrd7BTu0XbOmaTHZr
Emergency,Icona Pop,6E7oFW7xTK6Ghucsq6tMUj
+1 (feat. Sam White) - Radio Edit,Martin Solveig,3z94LCh3cV98bvyxBgnJbm
Shut Up and Dance,WALK THE MOON,4kbj5MwxO1bq9wjT5g9HaA
Talking Body,Tove Lo,10sqe2FD4eb8MovY8Nyaii
Timber (feat. Ke$ha),Pitbull,3cHyrEgdyYRjgJKSOiOtcS
Uptown Funk (feat. Bruno Mars),Mark Ronson,4rmPQGwcLQjCoFq5NrTA0D
Chandelier,Sia,4VrWlk8IQxevMvERoX08iC
Paper Planes,M.I.A.,1kusepF3AacIEtUTYrw4GV
Cool for the Summer,Demi Lovato,1KK0j3djUgx5tuOMwesdAT
Nine in the Afternoon - Single Mix,Panic! At The Disco,1S30kHvkkdMkcuCTGSgS41
That Green Gentleman (Things Have Changed),Panic! At The Disco,2d1D1E8M48hHE99u6BO8RN
Sarah Smiles,Panic! At The Disco,00h6syYCxPKVsInPHXhdZ1
Let's Kill Tonight,Panic! At The Disco,14uvyd51Ha7FihKHlOtUig
Nearly Witches (Ever Since We Met...),Panic! At The Disco,2KA3lvDwQQiyvuJJvzifGL
The Ballad of Mona Lisa,Panic! At The Disco,5rLi8B8qgk6qThwRnKHW2P
Girls / Girls / Boys,Panic! At The Disco,2wEjPgOCEczmjlvq60LyQi
This Is Gospel,Panic! At The Disco,3yZQk5PC52CCmT4ZaTIKvv
Miss Jackson (feat. LOLO),Panic! At The Disco,46Kcradxrva9Dny4lHU1b3
Don't Threaten Me with a Good Time,Panic! At The Disco,2fh3bZ8jZhMxOcfESE9nQY
LA Devotee,Panic! At The Disco,2fmCA13dwQQOGBIbIOWRiJ
Emperor's New Clothes,Panic! At The Disco,3px2rAPu74ltbkf9eZsZ8h
"The Good, the Bad and the Dirty",Panic! At The Disco,5eoZTdiq4C4aoEfUwAN0ha
Crazy = Genius,Panic! At The Disco,6V68ItawQkQlZhYIf1S86C
Victorious,Panic! At The Disco,6od5hFv9IT5JHc7NEF9HRv
Bass Down Low,DEV,78PIHCvtz26zENEY4XsamK
